Date,Rainfall_mm,Humidity_pct,Temperature_C,Soil_Moisture,Wind_Speed_ms,Atmospheric_Pressure_kPa
1/1/2025,14.9,87.38,25.9,0.83,6.01,99.6
1/2/2025,4.42,84.73,25.4,0.82,6.09,99.65
1/3/2025,0.52,83.5,25.26,0.81,6.39,99.64
1/4/2025,0.11,81.47,25.43,0.8,4.75,99.63
1/5/2025,0.2,79.54,25.58,0.79,4.39,99.71
1/6/2025,0.02,82.25,25.56,0.79,4.78,99.67
1/7/2025,0.04,84.18,25.87,0.78,3.85,99.62
1/8/2025,0.52,84.44,25.86,0.78,4.72,99.6
1/9/2025,1.88,84.15,26.06,0.77,5.08,99.63
1/10/2025,3.24,87.11,26.1,0.78,5.63,99.72
1/11/2025,9.82,87.02,26.23,0.78,6.09,99.71
1/12/2025,16.22,87.27,25.95,0.8,4.65,99.62
1/13/2025,3.23,87.23,25.97,0.79,4.04,99.53
1/14/2025,12.5,88.34,25.53,0.81,4.2,99.6
1/15/2025,4.49,87.98,25.58,0.8,4.4,99.69
1/16/2025,2.91,87.49,25.14,0.79,5.88,99.68
1/17/2025,0.23,84.06,25.29,0.78,6.25,99.57
1/18/2025,14.18,88.36,25.26,0.8,5.32,99.46
1/19/2025,21.04,90.93,25.33,0.84,6.62,99.4
1/20/2025,2.33,86.6,25.58,0.8,4.95,99.49
1/21/2025,2.81,86.8,25.88,0.79,5.79,99.42
1/22/2025,6.19,88.84,25.59,0.8,4.83,99.44
1/23/2025,2.86,84.12,25.65,0.79,5.1,99.45
1/24/2025,5.92,83.17,25.26,0.79,4.66,99.45
1/25/2025,1.99,87.9,24.72,0.79,5.09,99.51
1/26/2025,0.19,85.06,25.1,0.79,5.76,99.48
1/27/2025,0.94,82.2,24.75,0.78,4.93,99.49
1/28/2025,2.43,82.96,23.6,0.79,4.76,99.6
1/29/2025,9.27,87.53,23.96,0.79,5.48,99.65
1/30/2025,10.67,87.83,26.65,0.81,3.42,99.48
1/31/2025,5.95,87.05,26.85,0.8,2.8,99.45
2/1/2025,3.09,83.58,26.48,0.79,3.74,99.57
2/2/2025,0.37,81.19,26.3,0.77,3.85,99.62
2/3/2025,0.16,79.56,25.98,0.77,3.9,99.67
2/4/2025,0.06,78.64,25.51,0.76,4.04,99.65
2/5/2025,0.53,82.01,25.8,0.76,3.65,99.57
2/6/2025,0.08,80.46,25.97,0.75,3.79,99.54
2/7/2025,0.01,80.44,25.06,0.74,4.84,99.67
2/8/2025,0,78.98,24.94,0.73,5.45,99.65
2/9/2025,0,79.36,24.82,0.73,5.55,99.63
2/10/2025,0,79.59,25.09,0.72,4.62,99.71
2/11/2025,0.03,82.32,26.16,0.71,4.64,99.75
2/12/2025,0.01,81.97,26.29,0.71,4.79,99.71
2/13/2025,0,79.13,25.46,0.7,4.26,99.73
2/14/2025,0,78.4,25.12,0.69,2.81,99.76
2/15/2025,0.02,74.7,25.46,0.69,3.57,99.67
2/16/2025,0.05,76.13,26.12,0.68,2.94,99.67
2/17/2025,0.11,78.87,26.32,0.67,4,99.78
2/18/2025,0.16,77.53,26.28,0.66,4.03,99.77
2/19/2025,0.07,73.89,26.33,0.65,2.91,99.65
2/20/2025,0.06,73.21,26.64,0.64,2.55,99.71
2/21/2025,0.06,74.75,26.77,0.63,2.74,99.78
2/22/2025,0.04,75.72,26.48,0.62,3,99.84
2/23/2025,0.02,77.33,26.28,0.61,4.09,99.85
2/24/2025,0.07,77.65,26.45,0.6,5.22,99.79
2/25/2025,3.85,82.64,26.84,0.61,5.68,99.78
2/26/2025,10.88,83.36,27.24,0.63,5.26,99.72
2/27/2025,8.41,85.4,27.07,0.67,4.47,99.55
2/28/2025,21,87.01,27.4,0.7,2.97,99.51
3/1/2025,27.91,88.35,26.87,0.76,3.45,99.46
3/2/2025,55.06,83.73,26.89,0.84,2.3,99.52
3/3/2025,10.56,84.48,26.67,0.78,3.22,99.57
3/4/2025,0.36,79.11,26.87,0.74,2.79,99.56
3/5/2025,0.05,73.89,27.59,0.72,1.89,99.62
3/6/2025,0.19,73.97,27.11,0.71,2.14,99.69
3/7/2025,0,66.36,26.53,0.7,2.14,99.6
3/8/2025,0,72.36,26.4,0.69,2.53,99.52
3/9/2025,0.06,68.06,26.04,0.68,3.01,99.5
3/10/2025,5.89,83.51,26.32,0.7,4.39,99.57
3/11/2025,53.54,89.61,26.07,0.81,3.73,99.54
3/12/2025,3.36,77.51,26.92,0.75,2.42,99.62
3/13/2025,3.75,80.39,27.52,0.74,1.95,99.56
3/14/2025,5.6,82.38,27.18,0.75,1.72,99.6
3/15/2025,4.11,80.78,27.43,0.74,1.6,99.65
3/16/2025,8.25,78.46,27.43,0.75,0.99,99.68
3/17/2025,8.79,80.63,27.49,0.76,2.38,99.64
3/18/2025,5.22,81.05,27.48,0.75,2.03,99.63
3/19/2025,6.69,83.1,27.56,0.76,1.95,99.78
3/20/2025,0.81,77.38,27.92,0.73,2.38,99.83
3/21/2025,7.53,78.8,28.16,0.74,2,99.82
3/22/2025,7.12,78.28,28.27,0.75,2.02,99.78
3/23/2025,1.82,77.03,27.94,0.73,2.36,99.74
3/24/2025,2.22,78.72,27.83,0.72,3.29,99.65
3/25/2025,9.44,80.41,28,0.73,3.27,99.47
3/26/2025,13.31,71.72,27.39,0.76,2.05,99.49
3/27/2025,5.95,80.35,27.22,0.74,2.2,99.48
3/28/2025,1.71,78.32,27.43,0.73,1.72,99.4
3/29/2025,5.65,76.97,27.85,0.73,2.36,99.37
3/30/2025,0.72,69.11,28.11,0.71,1.39,99.44
3/31/2025,1.13,76.22,27.71,0.7,2.3,99.51
4/1/2025,10.79,82.48,27.14,0.73,1.92,99.43
4/2/2025,11.45,82.01,27.06,0.76,1.05,99.54
4/3/2025,19.1,80.04,27.62,0.77,2.24,99.63
4/4/2025,41.75,72.69,27.85,0.81,1.75,99.68
4/5/2025,11.4,84.42,26.98,0.81,2.63,99.61
4/6/2025,15.22,84.99,27.37,0.8,2.86,99.56
4/7/2025,12.27,86.92,27.33,0.81,2.97,99.56
4/8/2025,11.22,86.29,27.44,0.81,2.3,99.66
4/9/2025,7.76,87.19,26.79,0.8,4.91,99.66
4/10/2025,8.44,83.24,27.47,0.8,4.3,99.5
4/11/2025,7.05,84.61,27.44,0.8,5.46,99.54
4/12/2025,2.79,85.48,27.42,0.79,4.9,99.53
4/13/2025,3.38,85.84,27.55,0.79,3.77,99.53
4/14/2025,8.37,86.72,27.63,0.8,2.66,99.48
4/15/2025,6.86,83.3,27.71,0.8,1.96,99.48
4/16/2025,3.07,87.26,27.23,0.79,2.7,99.54
4/17/2025,0.65,86.16,27.41,0.79,2.37,99.49
4/18/2025,2.52,85.9,27.58,0.78,3.85,99.49
4/19/2025,2.35,85.09,27.62,0.78,4.31,99.47
4/20/2025,4.07,84.9,27.81,0.78,3.88,99.47
4/21/2025,6.77,87.22,27.6,0.79,3.48,99.56
4/22/2025,8.1,85.88,27.18,0.79,2.42,99.69
4/23/2025,7.77,87.81,26.88,0.79,3.21,99.6
4/24/2025,6.61,87.76,27.28,0.79,3.59,99.48
4/25/2025,6.05,87.1,27.59,0.79,3.43,99.46
4/26/2025,13.62,85.9,27.55,0.81,3.49,99.45
4/27/2025,16.02,87.73,27.37,0.82,2.58,99.5
4/28/2025,19.68,86.26,26.67,0.83,2.97,99.44
4/29/2025,8.24,83.57,27.4,0.81,3.02,99.4
4/30/2025,18.53,88.08,27.05,0.83,4.45,99.52
5/1/2025,5.28,83.57,27.41,0.82,3.24,99.54
5/2/2025,4.44,85.52,27.65,0.81,2.89,99.58
5/3/2025,4.59,87.93,27.27,0.81,3.38,99.52
5/4/2025,4.35,86.45,27.7,0.81,2.7,99.42
5/5/2025,12.43,89.08,27.7,0.82,3.13,99.42
5/6/2025,10.05,86.37,27.61,0.83,3.31,99.53
5/7/2025,12.26,87.75,26.83,0.83,4.53,99.54
5/8/2025,8.72,81.11,27.43,0.83,2.8,99.51
5/9/2025,4.68,85.42,27.84,0.83,3.02,99.48
5/10/2025,2.21,85.15,27.9,0.82,3.79,99.5
5/11/2025,1.31,83.43,27.64,0.81,4.13,99.46
5/12/2025,2.63,85.31,27.98,0.81,4.84,99.36
5/13/2025,3.44,85.26,28.13,0.81,6.02,99.33
5/14/2025,3.53,85.82,27.95,0.81,5.2,99.42
5/15/2025,5.25,78.05,27.82,0.81,2.72,99.46
5/16/2025,5.55,84.66,27.91,0.81,4.29,99.4
5/17/2025,16.31,86.75,27.41,0.83,3.3,99.42
5/18/2025,16.57,87.32,27.64,0.84,3.64,99.29
5/19/2025,10.15,89.03,27.43,0.83,6.3,99.25
5/20/2025,7.14,86.58,27.73,0.83,6.1,99.28
5/21/2025,3.53,85.93,27.52,0.82,5.53,99.38
5/22/2025,1.82,84.82,27.95,0.81,4.96,99.39
5/23/2025,7.39,87.7,27.76,0.82,5.1,99.27
5/24/2025,16.98,87.6,26.96,0.84,5.39,99.38
5/25/2025,12.46,88.06,27.34,0.84,5.17,99.48
5/26/2025,9.08,89.22,27.52,0.84,5.92,99.49
5/27/2025,19.94,89.3,27.28,0.86,6.99,99.44
5/28/2025,15.14,90.15,27.65,0.86,7.43,99.38
5/29/2025,15.56,89,27.51,0.86,7.39,99.45
5/30/2025,8.57,85.12,27.33,0.86,8.57,99.5
5/31/2025,12.78,87.1,26.86,0.86,6.86,99.62
6/1/2025,3.56,89.21,27.21,0.85,5.73,99.64
6/2/2025,0.96,88.95,27.25,0.85,4.84,99.6
6/3/2025,0.88,89.45,27.2,0.85,4.83,99.6
6/4/2025,3.4,89.36,27.11,0.85,4.73,99.61
6/5/2025,2.27,88.55,27.34,0.84,4.39,99.58
6/6/2025,0.46,89.66,27.34,0.83,4.68,99.58
6/7/2025,0.08,88.12,27.16,0.82,5.24,99.62
6/8/2025,0.02,85.02,27.31,0.82,5.39,99.57
6/9/2025,0.47,86.51,27.19,0.81,6.14,99.48
6/10/2025,13.24,88.86,27.15,0.83,7.06,99.3
6/11/2025,13.23,86.93,26.48,0.84,8.03,99.27
6/12/2025,3.84,86.04,27.12,0.82,7.08,99.25
6/13/2025,10.19,89.68,27.08,0.83,7.2,99.39
6/14/2025,22.41,86.34,26.44,0.85,6.98,99.56
6/15/2025,8.98,86.38,26.54,0.84,6.55,99.51
6/16/2025,11.59,86.98,26.62,0.84,5.36,99.53
6/17/2025,4.7,87.44,26.72,0.84,3.81,99.62
6/18/2025,1.53,89.62,26.46,0.83,4.19,99.6
6/19/2025,3.47,88.8,26.84,0.83,5.01,99.59
6/20/2025,2.93,90.03,26.66,0.83,4.84,99.63
6/21/2025,2.22,90.56,26.77,0.82,4.94,99.61
6/22/2025,1.52,89.83,26.71,0.82,5.3,99.61
6/23/2025,1.48,83.14,26.84,0.82,4.66,99.61
6/24/2025,0.91,89.63,26.7,0.81,5.08,99.5
6/25/2025,2.09,90.16,26.92,0.81,5.31,99.46
6/26/2025,7.62,88.92,26.83,0.82,5.56,99.52
6/27/2025,3.06,84.84,26.65,0.81,4.42,99.54
6/28/2025,2.29,89.21,26.62,0.81,4.43,99.54
6/29/2025,0.68,86.7,26.81,0.8,4.62,99.51
6/30/2025,0.16,87.9,26.94,0.8,4.13,99.46
7/1/2025,0.18,89.22,26.87,0.8,4.81,99.5
7/2/2025,0.18,88.1,26.86,0.79,5.41,99.49
7/3/2025,0.49,87.91,26.73,0.79,4.8,99.57
7/4/2025,0.69,87.09,26.98,0.78,4.46,99.62
7/5/2025,0.46,88.84,27.02,0.78,4.89,99.6
7/6/2025,0.91,88.29,26.76,0.78,5.04,99.56
7/7/2025,0.25,88.04,26.87,0.77,5.23,99.53
7/8/2025,0.24,88.51,27.02,0.77,5.01,99.56
7/9/2025,0.4,89.71,27.09,0.77,5.06,99.52
7/10/2025,0.68,90.03,27.02,0.76,5.15,99.41
7/11/2025,0.45,89.8,27.03,0.76,6.99,99.38
7/12/2025,0.49,89.02,26.9,0.76,6.71,99.5
7/13/2025,0.45,88.46,26.32,0.75,6.15,99.54
7/14/2025,0.35,87.42,26.45,0.75,6.51,99.58
7/15/2025,1.56,85.96,26.83,0.74,5.98,99.47
7/16/2025,3.62,87.65,26.06,0.75,6.38,99.42
7/17/2025,5.5,87.31,26.27,0.75,6.51,99.42
7/18/2025,5.37,87.33,26.17,0.76,6.83,99.42
7/19/2025,4.72,88.09,25.95,0.75,8.05,99.32
7/20/2025,4.59,88.48,25.46,0.75,6.29,99.31
7/21/2025,11.31,89.84,25.83,0.77,6.36,99.4
7/22/2025,4.79,91.57,26.07,0.76,5.75,99.47
7/23/2025,9.71,89.47,25.92,0.77,6.32,99.42
7/24/2025,4.96,91.86,25.97,0.77,5.76,99.42
7/25/2025,2.49,89.35,25.89,0.76,4.95,99.47
7/26/2025,6.52,89.7,25.37,0.77,4.71,99.62
7/27/2025,1.53,88.37,25.49,0.75,4.23,99.64
7/28/2025,0.34,87.13,26.12,0.74,4.54,99.57
7/29/2025,0.4,88.64,26.33,0.73,6.45,99.55
7/30/2025,0.43,89,26.38,0.73,5.41,99.53
7/31/2025,0.1,90.98,26.21,0.73,5.09,99.43
8/1/2025,8.43,90.59,25.97,0.74,4.74,99.39
8/2/2025,10.63,90.47,25.59,0.76,4.47,99.43
8/3/2025,14.38,89.96,25.24,0.77,5.53,99.52
8/4/2025,1.7,86.44,25.56,0.75,4.83,99.5
8/5/2025,0.67,88.88,25.7,0.73,6.01,99.5
8/6/2025,0.21,88.22,25.8,0.72,5.19,99.45
8/7/2025,0.47,91.03,25.65,0.73,4.85,99.39
8/8/2025,0.6,90.4,25.91,0.73,4.66,99.48
8/9/2025,1.77,89.03,25.91,0.73,4.41,99.67
8/10/2025,1.41,89.91,25.91,0.72,4.79,99.65
8/11/2025,3.23,89.46,25.82,0.73,4.23,99.66
8/12/2025,5.75,84.87,25.58,0.73,5.92,99.59
8/13/2025,0.68,87.41,25.97,0.72,5.26,99.48
8/14/2025,1.84,89.45,26.11,0.72,5.15,99.5
8/15/2025,2.9,87.48,26.26,0.72,5.91,99.43
8/16/2025,2.67,88.88,26.11,0.72,6.39,99.31
8/17/2025,5.4,89.47,26.31,0.73,6,99.36
8/18/2025,2.99,91.16,26.28,0.73,4.87,99.57
8/19/2025,0.49,87.98,26.37,0.71,5.13,99.58
8/20/2025,0.1,86.42,26.36,0.7,3.55,99.56
8/21/2025,0.19,86.35,26.21,0.69,3.21,99.61
8/22/2025,0.38,88.06,26.25,0.69,3.82,99.57
8/23/2025,0.62,87.63,26.15,0.69,4.2,99.58
8/24/2025,0.45,88.65,26.27,0.69,3.83,99.62
8/25/2025,0.38,85.23,26.92,0.68,4.11,99.53
8/26/2025,0.51,83.66,26.77,0.67,5.2,99.56
8/27/2025,5.16,84.21,26.83,0.68,6.23,99.57
8/28/2025,3.89,87.21,26.68,0.69,6.34,99.53
8/29/2025,1.7,87.3,26.71,0.68,5.85,99.63
8/30/2025,1.27,81.94,26.29,0.67,6.15,99.71
8/31/2025,0.84,85.07,26.44,0.66,5.61,99.63
9/1/2025,1.53,87.05,26.45,0.66,5.91,99.43
9/2/2025,1.05,89.48,26.25,0.66,5.53,99.44
9/3/2025,0.92,88.28,26.39,0.65,5.65,99.45
9/4/2025,0.45,84.15,26.58,0.64,5.82,99.5
9/5/2025,0.13,85.78,26.4,0.63,4.89,99.55
9/6/2025,0.1,85.89,26.61,0.62,4.98,99.56
9/7/2025,0.18,84.32,26.91,0.62,5.08,99.48
9/8/2025,3.7,87.28,26.54,0.63,4.34,99.43
9/9/2025,10.55,89.01,26.53,0.67,3.57,99.5
9/10/2025,7.1,87.1,26.58,0.67,3.81,99.55
9/11/2025,6.77,86.49,26.54,0.67,4.73,99.54
9/12/2025,1.51,83.08,26.85,0.65,4.58,99.51
9/13/2025,1.15,84.07,26.93,0.64,4.71,99.53
9/14/2025,0.66,84.88,26.73,0.63,4.13,99.6
9/15/2025,1.32,84.2,26.72,0.63,4.51,99.55
9/16/2025,4.51,86.82,26.41,0.65,3.81,99.56
9/17/2025,9.2,86.43,26.81,0.66,4.5,99.54
9/18/2025,28.4,87.53,26.42,0.74,4.34,99.6
9/19/2025,8.96,88.98,26.36,0.73,4.46,99.67
9/20/2025,3.58,87.24,26.52,0.69,4.63,99.6
9/21/2025,2.71,86.19,26.51,0.68,4.97,99.54
9/22/2025,7.24,86.82,26.83,0.69,5.49,99.61
9/23/2025,3.86,84.42,26.95,0.68,5.76,99.69
9/24/2025,8.76,85.6,26.8,0.7,6.3,99.6
9/25/2025,20.55,84.7,26.29,0.74,6.63,99.55
9/26/2025,28.74,87.11,26.03,0.79,6.26,99.57
9/27/2025,9.77,86.34,26.61,0.75,5.22,99.61
9/28/2025,2.98,85.56,26.94,0.73,5.29,99.64
9/29/2025,0.55,88.62,26.53,0.72,5.06,99.58
9/30/2025,1.92,87.7,26.85,0.71,4.6,99.46
10/1/2025,0.3,87.64,26.73,0.71,4.84,99.41
10/2/2025,0.14,85.13,26.9,0.7,3.58,99.53
10/3/2025,1.62,85.55,26.85,0.7,2.9,99.65
10/4/2025,15.72,87.4,26.56,0.74,2.2,99.74
10/5/2025,15.74,82.81,26.54,0.77,2.77,99.77
10/6/2025,3.56,85.69,26.27,0.74,2.7,99.76
10/7/2025,4.09,87.7,26.54,0.74,3.4,99.7
10/8/2025,1.85,84.99,26.74,0.73,2.84,99.69
10/9/2025,4.14,84.89,26.51,0.72,3.39,99.72
10/10/2025,3.43,85.61,26.44,0.73,4.33,99.63
10/11/2025,5.05,85.73,26.75,0.72,3.91,99.53
10/12/2025,15.14,85.09,26.99,0.76,2.91,99.46
10/13/2025,16.26,86.9,26.87,0.77,2.94,99.42
10/14/2025,59.64,81.58,27.04,0.84,2,99.21
10/15/2025,25.3,90.38,26.03,0.84,2.96,99.2
10/16/2025,26.97,87.29,26.54,0.85,3.45,99.24
10/17/2025,17.72,88.15,26.54,0.84,3.19,99.4
10/18/2025,9.8,87.92,26.07,0.83,3.81,99.43
10/19/2025,34.69,88.86,25.79,0.88,3.28,99.34
10/20/2025,120.48,91.97,25.27,0.95,4.89,99.27
10/21/2025,22.23,88.18,25.28,0.92,5.36,99.37
10/22/2025,26,86.92,26.14,0.92,5.52,99.48
10/23/2025,26.32,89.53,26.3,0.93,4.31,99.57
10/24/2025,27.47,85.6,26.21,0.93,2.57,99.66
10/25/2025,20.95,89.23,26.13,0.94,3.77,99.61
10/26/2025,6.99,86.82,26.53,0.93,3.63,99.57
10/27/2025,4.71,88.91,26.2,0.93,4.34,99.56
10/28/2025,3.28,86.66,26.87,0.92,5.04,99.56
10/29/2025,1.07,84.92,27.01,0.91,3.96,99.57
10/30/2025,0.1,82.81,26.86,0.91,2.61,99.68
10/31/2025,0.01,82.3,26.95,0.9,2.12,99.74
11/1/2025,0.27,80.98,27.22,0.89,1.82,99.75
11/2/2025,0.98,84.72,26.77,0.89,3.27,99.82
11/3/2025,0.14,83.38,26.46,0.88,3.56,99.77
11/4/2025,0.37,85.64,26.47,0.88,4.54,99.71
11/5/2025,3.74,85.52,26.42,0.87,4.63,99.58
11/6/2025,9.99,85.06,26.57,0.88,5.34,99.59
11/7/2025,7.98,86.02,26.38,0.88,4.28,99.65
11/8/2025,9.05,84.91,26.3,0.88,3.02,99.69
11/9/2025,1.62,81.03,26.14,0.87,2.87,99.65
11/10/2025,6.65,82.51,26.1,0.87,1.96,99.67
11/11/2025,8.7,83.6,26.33,0.87,2.23,99.68
11/12/2025,8.18,84.94,26.7,0.87,3.12,99.64
11/13/2025,8.67,83.93,26.91,0.87,2.96,99.65
11/14/2025,3.41,85.95,26.48,0.87,4.15,99.65
11/15/2025,2.31,87.72,25.9,0.86,5.28,99.68
11/16/2025,2.3,89.68,26.19,0.86,5.5,99.69
11/17/2025,60.17,89.09,26,0.91,3.21,99.65
11/18/2025,63,85.76,25.72,0.93,2.92,99.62
11/19/2025,3.59,83.36,26.06,0.91,1.88,99.65
11/20/2025,4.25,87.91,26.24,0.91,3.78,99.63
11/21/2025,11.69,85.61,26.91,0.91,3.39,99.68
11/22/2025,32.09,85.91,26.34,0.92,2.22,99.66
11/23/2025,30.26,90.65,25.8,0.93,3.69,99.64
11/24/2025,38.23,92.02,25.64,0.94,3.33,99.55
11/25/2025,14.11,90.55,25.29,0.94,5.43,99.49
11/26/2025,76.73,90.48,25.33,0.96,3.06,99.5
11/27/2025,114.82,92.05,25.53,0.97,10.05,99.28
11/28/2025,94.78,89.38,24.37,0.98,10.01,99.43
11/29/2025,8.63,84.26,24.42,0.98,6.24,99.52
11/30/2025,0.43,84.27,25.21,0.97,3.57,99.56
12/1/2025,0.32,83.43,25.72,0.96,2.73,99.62
12/2/2025,0.02,83.68,25.62,0.95,2.33,99.6
12/3/2025,0.32,79.93,26.53,0.93,1.5,99.64
12/4/2025,6.65,80.72,26.64,0.93,2.43,99.71
12/5/2025,18.67,85.46,26.07,0.93,3.31,99.72
12/6/2025,5.35,83.29,26.28,0.93,3.14,99.75
12/7/2025,11.98,86.89,26.16,0.93,3.87,99.74
12/8/2025,2.68,86.23,25.7,0.92,5.37,99.71
12/9/2025,5.11,87,25.66,0.92,4.34,99.64
12/10/2025,3.08,85.7,25.56,0.91,3.76,99.67
12/11/2025,8.06,88.27,25.87,0.91,5.29,99.63
12/12/2025,14.17,86.82,25.84,0.91,3.94,99.59
12/13/2025,3.76,85.88,25.3,0.91,5.27,99.65
12/14/2025,1.22,85.42,25,0.9,5.82,99.69
12/15/2025,0.56,84.81,25.09,0.89,5.82,99.66
12/16/2025,2.79,85.55,26.28,0.89,2.97,99.55
12/17/2025,10.64,87.3,25.98,0.9,3.5,99.64
12/18/2025,18.3,87.11,25.81,0.9,6.23,99.63
12/19/2025,5.93,84.81,24.82,0.89,6.1,99.61
12/20/2025,4.38,83.55,24.36,0.89,5.12,99.58
12/21/2025,4.78,84.5,24.93,0.89,5.86,99.59
12/22/2025,0.24,84.3,24.99,0.88,5.63,99.58
12/23/2025,0.69,85.39,25.13,0.87,5.43,99.54
12/24/2025,1.42,87.83,24.45,0.87,5.2,99.58
12/25/2025,1,83.11,24.66,0.86,4.95,99.69
12/26/2025,0.08,81.34,24.78,0.86,4.75,99.65
12/27/2025,0.35,83.1,25.02,0.85,4.72,99.66
12/28/2025,2.91,85.01,25.28,0.85,4.88,99.7
12/29/2025,1.57,85.66,25.83,0.85,5,99.64
12/30/2025,0.29,88.02,25.57,0.84,4.96,99.66
12/31/2025,5.89,89.83,25.43,0.84,4.89,99.54
1/1/2026,5.52,86.37,25.91,0.85,2.85,99.6
1/2/2026,4.84,85.09,25.67,0.85,3.74,99.72
1/3/2026,0.27,84.04,25.22,0.84,5.55,99.74
1/4/2026,0.16,84.89,24.68,0.83,6.23,99.77
1/5/2026,3.64,86.09,25.48,0.83,5.94,99.76
1/6/2026,3.27,86.59,25.15,0.83,6.6,99.73
1/7/2026,0.22,83.08,24.58,0.82,7.6,99.82
1/8/2026,1.8,86.64,24.57,0.82,6.8,99.82
1/9/2026,1.93,90.2,24.91,0.82,6.93,99.65
1/10/2026,2.44,89.14,25.23,0.81,4.06,99.69
1/11/2026,7.8,81.86,26.26,0.82,1.63,99.82
1/12/2026,7.82,81.9,26.07,0.82,2.49,99.91
1/13/2026,10.96,84.99,25.82,0.83,3.93,99.9
1/14/2026,1.74,84.41,25.17,0.81,4.87,99.83
1/15/2026,0.18,80.83,24.71,0.8,4.01,99.73
1/16/2026,0.66,81.58,24.17,0.8,5.52,99.77
1/17/2026,0,80.35,23.89,0.79,5.01,99.66
1/18/2026,0,78.43,23.94,0.79,3.76,99.65
1/19/2026,0,79.57,23.72,0.78,3.83,99.74
1/20/2026,0,80.75,23.4,0.78,4.7,99.69
1/21/2026,0.03,80.62,23.22,0.77,5.25,99.76
1/22/2026,0.16,79.58,23.77,0.76,4.46,99.84
1/23/2026,0,79.13,23.85,0.76,4.12,99.9
1/24/2026,0.31,87.42,25.21,0.75,3.86,99.82
1/25/2026,2.37,83.06,26.21,0.75,2.79,99.76
1/26/2026,0.81,81.57,25.98,0.74,3.43,99.89
1/27/2026,0.15,82.63,25.19,0.73,5.79,99.96
1/28/2026,0,78.36,24.01,0.73,5.6,99.92
1/29/2026,0.16,79.12,24.19,0.72,4.58,99.85
1/30/2026,3.47,82.85,24.52,0.72,4.97,99.9
1/31/2026,5.21,85.52,24.97,0.73,5.66,99.83
2/1/2026,3.11,86.18,25.85,0.73,2.79,99.8
2/2/2026,6.53,85.38,25.95,0.73,5.75,99.78
2/3/2026,0.62,84.37,25.07,0.73,5.13,99.85
2/4/2026,1.07,83.71,25.55,0.71,5.38,99.81
2/5/2026,7.38,84.25,25.87,0.72,4.73,99.82
2/6/2026,8.38,85.28,25.81,0.73,5.29,99.84
2/7/2026,2.55,84.65,25.67,0.72,6.18,99.8
2/8/2026,0.08,80.56,24.94,0.7,5.83,99.72
2/9/2026,0.18,78.57,24.2,0.69,5.27,99.79
2/10/2026,0.14,78.08,23.8,0.69,5.28,99.83
2/11/2026,0.01,78.93,24.19,0.68,5.06,99.85
2/12/2026,10.74,85.91,24.54,0.71,5.31,99.75
2/13/2026,1.09,86.15,25.12,0.7,5.43,99.66
2/14/2026,5.21,85.33,25.46,0.7,4.99,99.63
2/15/2026,1.06,81.67,25.25,0.68,5.47,99.65
2/16/2026,0.06,78.94,25.14,0.67,4.48,99.57
2/17/2026,2.1,85.2,24.71,0.68,4.63,99.59
2/18/2026,8.66,86.86,25.26,0.71,4.86,99.57
2/19/2026,1.61,83.89,26.15,0.69,5.15,99.55
2/20/2026,7.16,87.07,26.23,0.7,4.41,99.57
2/21/2026,16.69,87.52,25.8,0.73,2.53,99.5
2/22/2026,6.13,88.97,25.27,0.73,2.81,99.4
2/23/2026,0.24,85.64,26.04,0.69,3.44,99.37
2/24/2026,0.06,80.9,26.15,0.68,3.27,99.47
2/25/2026,0.05,77.19,25.81,0.67,3.01,99.64
2/26/2026,0.1,79.38,26.33,0.66,2.78,99.6
2/27/2026,0.04,76.75,26.02,0.65,1.7,99.45
2/28/2026,0.08,71.46,26.1,0.64,1.59,99.45
3/1/2026,0.02,70.3,25.74,0.63,2.26,99.52
3/2/2026,0,67.79,24.95,0.62,3.05,99.63
3/3/2026,0,62.99,25.13,0.61,1.92,99.67
3/4/2026,0.04,72.77,26.02,0.6,2.1,99.71
3/5/2026,0.04,78.99,26.58,0.6,2.01,99.64
3/6/2026,0.07,81.32,26.31,0.59,2.8,99.59
3/7/2026,0.87,78.65,26.83,0.58,2.48,99.59
3/8/2026,0.68,75.56,27.4,0.58,1.61,99.57
3/9/2026,0.09,70.35,26.44,0.57,3.13,99.62
3/10/2026,0.42,66.84,26.51,0.56,1.62,99.73
3/11/2026,1.46,74.99,27.16,0.56,2.61,99.69
3/12/2026,4.06,75.02,27.63,0.57,1.82,99.55
3/13/2026,21.82,83.19,26.11,0.68,0.9,99.53
3/14/2026,8.72,79.59,26.13,0.66,1.06,99.7
3/15/2026,1.03,70.14,27.57,0.61,1.65,99.71
3/16/2026,0.35,76.07,27.44,0.59,1.94,99.61
3/17/2026,1.18,78.7,27.39,0.58,1.82,99.58
3/18/2026,2.73,75.76,27.51,0.59,1.42,99.62
3/19/2026,11.38,80.05,26.84,0.64,1.56,99.71
3/20/2026,1.31,74.15,27.74,0.6,1.29,99.57
3/21/2026,0.76,73.19,28.2,0.58,1.51,99.57
3/22/2026,0.61,73.7,28.23,0.57,1.13,99.62
3/23/2026,0.1,69.9,28.33,0.55,1.01,99.57
3/24/2026,0.04,70.39,28.38,0.54,1.69,99.51
3/25/2026,0.03,67.38,28.51,0.53,1.39,99.49
3/26/2026,0.01,66.54,28.37,0.52,1.74,99.54
3/27/2026,0.11,70.09,28.68,0.52,1.66,99.53
3/28/2026,0.41,77.94,27.88,0.52,2.94,99.49
3/29/2026,0.63,77.55,28.06,0.52,2.11,99.42
3/30/2026,6.23,81.31,27.46,0.56,2.42,99.5
3/31/2026,4.06,72.66,27.96,0.55,1.5,99.5
4/1/2026,1.24,71.95,27.97,0.54,1.5,99.53
4/2/2026,8.18,80.34,27.81,0.55,2.18,99.63
4/3/2026,25.4,83.7,27.19,0.68,2.32,99.65
4/4/2026,6.12,85.06,26.93,0.63,3.1,99.59
4/5/2026,0.98,83.17,27.52,0.6,3.19,99.54
4/6/2026,1.21,81.05,28,0.58,4.67,99.66
4/7/2026,1.78,83.02,28.14,0.59,3.93,99.58
4/8/2026,1.41,81.42,28.32,0.58,3.17,99.5
4/9/2026,2.24,81.97,27.9,0.58,3.44,99.62
4/10/2026,0.76,80.19,27.88,0.57,2.16,99.69
4/11/2026,2.46,79.63,28.24,0.57,2,99.61
4/12/2026,14.92,83.39,28.11,0.63,2.52,99.46
4/13/2026,6.18,82.33,27.86,0.62,2.59,99.54
4/14/2026,9.84,81.97,28,0.65,1.66,99.54
4/15/2026,7.67,85.73,27.76,0.64,2.38,99.41
4/16/2026,19.06,84.38,28.19,0.71,2.34,99.37
4/17/2026,2.51,82.93,28.3,0.66,1.64,99.4
4/18/2026,1.02,78.94,28.59,0.64,1.73,99.41
4/19/2026,1.12,77.6,29.07,0.63,2.14,99.43
4/20/2026,41.63,87.82,27.51,0.76,2.11,99.38
4/21/2026,11.37,81.07,28.15,0.73,1.81,99.4
4/22/2026,13.33,84.76,27.9,0.74,1.88,99.39
4/23/2026,31.51,86.74,27.77,0.79,2.63,99.31
4/24/2026,8.68,87.39,27.41,0.77,2.89,99.34
4/25/2026,1.08,78.99,28.7,0.73,1.52,99.4
4/26/2026,4.86,80.65,29.03,0.73,1.31,99.35
4/27/2026,35.51,83.92,28.36,0.81,2.69,99.3
4/28/2026,2.04,84.13,28.07,0.76,2.98,99.35
4/29/2026,13.32,85.81,28.08,0.78,3.59,99.41
4/30/2026,6.28,85.98,27.77,0.78,3.33,99.51
5/1/2026,10.85,87.56,27.61,0.79,3.45,99.51
5/2/2026,6,84.38,28.11,0.77,4.57,99.46
5/3/2026,3.79,86.79,27.77,0.77,4.31,99.49
5/4/2026,5.94,86.07,27.62,0.77,5.14,99.49
5/5/2026,13.17,83.97,27.6,0.79,3.11,99.47
5/6/2026,11.78,80.09,28.47,0.79,1.94,99.34
5/7/2026,24.83,85.93,27.94,0.82,2.85,99.26
5/8/2026,7.27,90.34,27.24,0.81,4.29,99.26
5/9/2026,52.19,91.27,27.34,0.88,4.61,99.29
5/10/2026,8.36,88.44,27.13,0.84,3.24,99.28
5/11/2026,78.79,89.7,27.02,0.91,3.54,99.25
5/12/2026,20.91,88.36,27.41,0.89,4.26,99.24
5/13/2026,27.13,84.57,27.66,0.9,5.19,99.21
5/14/2026,17.27,85.58,27.51,0.89,5.58,99.18
5/15/2026,24.94,84.85,27.19,0.9,4.65,99.19
5/16/2026,4.85,85.69,27.65,0.89,5.32,99.19
5/17/2026,9.3,87.34,27.76,0.89,5.8,99.31
5/18/2026,10.6,87.5,28,0.89,6.17,99.38
5/19/2026,5.68,87.59,27.99,0.89,7.11,99.46
5/20/2026,7.27,86.86,28.16,0.89,6.59,99.46
5/21/2026,3.81,86.58,28.23,0.88,6.32,99.49
5/22/2026,26.19,87.67,27.72,0.9,7.21,99.62
5/23/2026,2.88,87.8,27.43,0.89,6.16,99.72
5/24/2026,2.17,86.67,27.56,0.88,6.74,99.69
5/25/2026,5.71,87.38,27.61,0.88,6.12,99.67
5/26/2026,5.69,87.64,27.6,0.88,6.35,99.67
5/27/2026,5.08,88.31,27.42,0.88,6.16,99.69
5/28/2026,6.12,88.87,27.38,0.88,5.82,99.72
5/29/2026,4.89,88.47,27.4,0.88,5.72,99.66
5/30/2026,0.75,86.82,27.53,0.87,5.48,99.61
5/31/2026,2.33,87.83,27.62,0.87,5.54,99.59
6/1/2026,1.33,85.51,27.51,0.86,5.54,99.65
6/2/2026,2.66,85.59,27.48,0.86,6.27,99.66
6/3/2026,3.77,87.47,27.76,0.86,7.51,99.54
6/4/2026,7.86,88.55,27.47,0.86,7.74,99.51
6/5/2026,11.14,87.02,27.51,0.86,7.28,99.51
6/6/2026,8.14,89.52,27.59,0.86,6.18,99.59
6/7/2026,10.11,89.38,27.24,0.87,6.76,99.72
6/8/2026,10.58,87.94,27.13,0.87,7.09,99.78
6/9/2026,8.36,87.76,27.32,0.87,6.59,99.7
6/10/2026,4.59,88.96,27.3,0.86,6.62,99.67
6/11/2026,12.27,89.96,27.27,0.87,7.33,99.62
6/12/2026,26.83,89.89,27,0.89,6.08,99.75
6/13/2026,9.01,87.96,26.64,0.88,6.12,99.74
6/14/2026,6.97,88.11,26.76,0.88,5.3,99.62
6/15/2026,1.73,89.49,27.1,0.87,5.24,99.53
6/16/2026,1.78,91.4,27.11,0.87,5.27,99.51
6/17/2026,3.86,89.2,26.74,0.87,5.94,99.57
6/18/2026,5.67,88.08,26.62,0.87,5.12,99.59
6/19/2026,4,86.52,26.74,0.86,4.58,99.56
6/20/2026,1.26,86.14,26.71,0.86,4.46,99.65
6/21/2026,8,88.58,26.82,0.86,5.15,99.65
6/22/2026,9.65,88.65,26.56,0.86,6.3,99.68
6/23/2026,3.68,86.97,26.71,0.86,5.25,99.61
6/24/2026,2.47,88.09,26.82,0.85,4.68,99.6
6/25/2026,3.71,88.01,26.88,0.85,4.71,99.55
6/26/2026,3.99,87.44,26.96,0.85,5.47,99.55
6/27/2026,3.16,88.48,26.86,0.85,5.4,99.5
6/28/2026,6.23,87.01,26.69,0.85,6.27,99.56
6/29/2026,13.99,86.88,26.79,0.86,6.64,99.58
6/30/2026,5.13,87.7,26.58,0.85,5.72,99.63
7/1/2026,10.49,84,26.41,0.85,2.42,99.14
7/2/2026,3.55,84.62,26.56,0.83,2.63,99.13
7/3/2026,10.5,84.65,26.14,0.84,2.82,99.24
7/4/2026,19.08,84.31,26.17,0.85,3.06,99.2
7/5/2026,0.57,83.14,26.84,0.82,2.57,99.16
7/6/2026,0.46,82.38,26.77,0.79,2.54,99.17
7/7/2026,0.86,82.41,26.64,0.77,2.57,99.24
7/8/2026,3.71,83.91,26.69,0.77,2.56,99.19
7/9/2026,4.34,85.19,26.83,0.77,2.38,99.21
7/10/2026,20.59,87.43,26.16,0.82,2.64,99.32
7/11/2026,8.32,86.46,26.47,0.82,2.43,99.21
7/12/2026,3.22,86.92,26.74,0.79,2.57,99.05
7/13/2026,2.65,85.61,26.56,0.76,2.85,99.1
7/14/2026,2.19,84.29,26.53,0.75,2.87,99.13
7/15/2026,2.25,83.93,26.37,0.73,2.78,99.2
7/16/2026,1.24,81.91,26.32,0.71,2.53,99.25
7/17/2026,3.36,83.11,26.11,0.71,2.55,99.27
7/18/2026,7.54,83.54,25.88,0.76,2.51,99.25
7/19/2026,14,84.55,25.99,0.79,2.48,99.23
7/20/2026,15.82,86.7,25.78,0.81,2.35,99.25
7/21/2026,1.05,83.54,26.53,0.76,2.12,99.24
7/22/2026,2.21,83.72,26.6,0.73,2.15,99.24
7/23/2026,1.54,82.64,26.83,0.72,2.06,99.18
7/24/2026,0.92,81.53,26.74,0.7,2.25,99.1
7/25/2026,7.93,83.9,26.72,0.73,2.62,99.11
7/26/2026,5.96,84.29,26.98,0.75,2.65,99.1
7/27/2026,11.73,82.95,26.44,0.77,3.04,99.12
7/28/2026,19.57,83.55,26.41,0.79,3.22,99.07
7/29/2026,10.78,82.75,26.47,0.79,3.03,99.03
7/30/2026,9.29,84.28,26.64,0.79,3.22,98.94
7/31/2026,14.26,87.97,26.8,0.79,2.98,98.89
8/1/2026,118.32,90.78,25.3,0.88,3.5,98.98
8/2/2026,38.65,90.77,25.21,0.88,2.73,99.11
8/3/2026,37.66,91.91,25.11,0.89,3.08,99.16
8/4/2026,19.23,90.77,25.22,0.88,2.65,99.18
